ID,Ism,Telefon,Lokatsiya
1593464245,Abubakir,+998903012631,"40.388936,71.787896"
929590772,Bud,+998903022222,"40.388936,71.787896"
